id;nom;prenom;fonction_interne;fonction_externe;structure;situation_matrimoniale;numero_telephone;email
1;Quality-focused;frame;AdjointSecretaire;Open-source efficient mission-critical;Object-based Slovaquie Frozen;Peso Francs-Bourgeois;Ingenieur c;Oriane.Morin@hotmail.fr
2;open-source;leverage Birmanie;VicePresident;copy purple c;Customizable Bike;Île-de-France solutions c;Clothing transmit Rustic;Naudet.Leroy61@gmail.com
3;Home withdrawal;Danish;Moniteur;infomediaries Consultant Haute-Normandie;Kina maroon;Loan;deposit Sleek;Venance10@yahoo.fr
4;Berkshire Movies;Savings;VicePresident;plum;methodologies Market;Islande;HDD;Paulette34@yahoo.fr
5;Generic b;c Devolved;AdjointSecretaire;firewall;TCP Berkshire;Vision-oriented Chair c;Royale back-end Cambridgeshire;Ren52@hotmail.fr
6;Account;Generic disintermediate Soft;AdjointSecretaire;Bedfordshire cyan Soft;Pre-emptive;Stagiaire Ouzbékistan Namibie;violet Refined;vangline.Thomas94@yahoo.fr
7;Superviseur Sports c;1080p;AdjointSecretaire;Zloty;compress;JBOD bluetooth;Antigua-et-Barbuda Refined;Athanase2@gmail.com
8;Limousin orchid b;extend;ChargeFinance;deposit parsing engine;Cambridgeshire Designer Incredible;Bretagne reboot cross-media;Cotton c Concrete;Archange.Schmitt68@hotmail.fr
9;Computers Aquitaine;RSS calculating;AdjointSecretaire;Saint-Marin;budgetary Thaïlande Sausages;green Steel;d'Azur;Raymond.Benoit44@hotmail.fr
10;bandwidth connecting enterprise;Tools;Tresorier;SDD;Market multi-byte calculate;Ingenieur primary e-commerce;Unbranded tan Unbranded;Francette.Fontaine@gmail.com
